L.p.,Rodzaj statku powietrznego ,Termin,Trasa przelotu,Kto
 1.,TU,30.11.2007,EPWA-EYVI-EPWA,DT
 2.,TU,01.12.2007,EPWA-EPGD-EPWA,DT
 3.,TU,03.12.2007,EPWA-EPGD-EPKT-EPKT,DT
 4.,TU,07.12.2007,EPWA-Rzym-EPGD-EPWA,DT
 5.,TU,09-10.12.2007,EPWA-EPGD-LKMT-EPAW,DT
 6.,TU,11.12.2007,EPWA-Berlin-EPWA,DT
 7.,TU,12-14.12.2007 ,EPWA-Paryż-LPPT-Bruksela-EPGD-EPWA,DT
 8.,TU,19.12.2007,Irak,DT
 9.,TU,21.12.2007,EPWA-EPWR,DT
10.,TU,10.01.2008,EPWA-LKPR-EPWA,DT
11.,TU,18.01.2008,EPWA-LZIB-EPWA,DT
12.,TU,23-24.01.2008,EPWA-EPSZ-EPWA,DT
13.,TU,08.02.2008,EPWA-Moskwa-EPGD-EPWA,DT
14.,W3,18.02.2008,EPGD-Świdwin-EPWA,DT
15.,YK,22.02.2008,EPWA-EPGD-EPWA,DT
16.,YK,22-24.02.2008,EPGD-EPWA,DT
17.,YK,01.03.2008,EPWA-EPGD,DT
18.,YK,09.03.2008,EPGD-EPWA,DT
19.,TU,14.03.2008,EPWA-EPGD,DT
20.,TU,20.03.2008,EPWA-LJLJ-EPGD-EPWA,DT
21.,TU,27-28.03.2008,EPWA-Kijów-EPGD-EPWA,DT
22.,YK,28-31.03.2008,EPWA-EPGD-EPWA,DT
23.,YK,04.04.2008,EPWA-EPGD,DT
24.,TU,08-10.04.2008,EPWA- LLBG-EPWA,DT
25.,YK,18.04.2008,EPWA-EPGD,DT
26.,YK,25.04.2008,EPWA-EPGD,DT
27.,YK,30.04.2008,EPWA-EPGD,DT
28.,YK,02.05.2008,EPWA-EPGD,DT
29.,YK,09.05.2008,EPWA-EPGD,DT
30.,YK,12.05.2008,EPGD-EPWA,DT
31.,TU,13-20.05.2008,EPWA-Lima-Santiago de Chile-EPWA,DT
32.,YK,21-23.05.2008,EPGD-EPWA-EPGD,DT
33.,TU,24.05.2008,EPWA-LSGG-EPWA,DT
34.,YK,04.06.2008,EPWA-EVRA-EPWA,DT
35.,YK,13.06.2008,EPWA-EPGD,DT
36.,TU,15-16.06.2008,EPWA-LKPR-EPGD-EPWA,DT
37.,YK,19-20.06.2008,EPWA-Bruksela-EPGD-EPWA,DT
38.,YK,27.06.2008,EPWA-EPGD,DT
39.,YK,04.07.2008,EPWA-EPGD,DT
40.,YK,11.07.2008,EPWA-EPGD-EPWA,DT
41.,YK,18.07.2008,EPWA-EPGD,DT
42.,YK,21.07.2008,EPGD-EPWA,DT
43.,YK/Bell,26.07.2008,EPWA-EPKK-Nowy Targ-EPKK-EPWA,DT
44.,Bell,30.07.2008,EPWA-Łódź-EPWA,DT
45.,YK,03.08.2008,EPGD-EPKK-EPGD,DT
46.,Bell,08.08.2008,EPWA-LKMT,DT
47.,YK,08.08.2008,EPWA-EPGD,DT
48.,YK,14.08.2008,EPWA-EPGD,DT
49.,YK,16.08.2008,EPWA-EPGD-EPKT-EPGD-EPWA,DT
50.,TU,22-23.08.2008,Irak,DT
51. YK/Bell,YK/Bell,29.08.2008,EPWA-EPGD-EPSK-EPGD,DT
52.,TU,01.09.2008,EPWA-EPGD-Bruksela-EPWA,DT
53.,YK,03.09.2008,EPWA-EPKK-EPWA,DT
54.,YK,05.09.2008,EPWA-EDDG-EPGD-EPWA,DT
55.,Bell,08.09.2008,EPGD-Gołdap-EPWA,DT
56.,Bell,10.09.2008,EPWA-Krynica (Krzyżówka)-EPWA,DT
57.,TU,17.09.2008,EPWA-Sztokcholm-EPWA,DT
58.,Bell,18.09.2008,EPWA-Strzelce Op.-EPWA,DT
59.,TU,19.09.2008,EPWA-EPGD- Kijów-EPWA-EPWR,DT
60.,YK,03.10.2008,EPWA-EPGD,DT
61.,TU,08.10.2008,EPWA-Sewilla-EPWA,DT
62.,YK,09.10.2008,Paryż Berlin Waw,DT
63.,TU,14-16.10..2008,WAW-Bruksela-WAW,DT
64.,YK,17.10.2008,EPWA-EPGD,DT
65.,TU,20-26.10.2008,WAW-Szanghaj-Pekin-EPGD-EPWA,DT
66.,YK,31.10.2008,EPWA-EPGD,DT
67.,TU,07.11.2008,EPWA-Bruksela-EPWA,DT
68.,YK,07.11.2008,EPWA-EPGD,DT
69.,YK,10.11.2008,EPGD-EPWA,DT
70.,TU,12.11.2008,EPWA-Frankfurt-EPWA,DT
71.,YK,15.11.2008,EPWA-EPGD,DT
72.,TU,17-19.11.2008,EPWA-EPGD-Kuwejt-Doha-EPWA,DT
73.,YK,20-22.11.2008,EPWA-EPGD,DT
74.,TU,24.11.2008,EPWA-Londyn-EPWA,DT
75.,YK,25.11.2008,EPGD-EPWA,DT
76.,YK,28.11.2008,EPWA-EPPO-EPGD,DT
77.,YK,30.11.2008,EPGD-EPWA-EPGD,DT
78.,YK,01.12.2008,EPWA-EPGD-EPPO-EPWA,DT
79.,YK,03.12.2008,EPWA-EPKK,DT
80.,YK,04.12.2008,EPKT-EPWA,DT
81.,TU,11-12.12.2008,EPWA-Bruksela-EPWA,DT
82.,YK,12.12.2008,EPWA-EPGD,DT
83.,YK,17.12.2008,EPWA-EPKT-EPWA,DT
84.,YK,19.12.2008,EPWA-EPGD,DT
85.,Bell,20.12.2008,EPGD-Radzikowo-EPGD,DT
86.,YK,23.12.2008,EPWA-EPGD,DT
87.,YK,27.12.2008,EPGD-EPPO-EPGD,DT
88.,YK,30.12.2008,EPWA-EPGD,DT
89.,YK,08-09.01.2009,EPWA-Werona-Bratysława-Werona-EPWA,DT
90.,YK,16.01.2009,EPWA-EPGD,DT
91.,YK,23.01.2009,EPWA-EPGD,DT
92.,TU,28-29.01.2009,EPWA-Zurich-EPWA,DT
93.,YK,31.01.2009,EPWA-EPGD,DT
94.,YK,01.02.2009,EPWA-EPGD,DT
95.,TU,07.02.2009,EPWA-Monachium-EPGD-EPWA,DT
96.,YK,09-10.02.2009,EPWA-EPGD-EPWA,DT
97.,YK,12.02.2009,EPWA-EPGD-EPWA,DT
98.,YK,15.02.2009,EPGD-EPWA,DT
99.,TU,19.02.2009,EPWA-EPKK-EPWA,DT
100.,YK,20.02.2009,EPWa-EPGD,DT
101.,YK,27-28.02.2009,EPWA-EPGD-Hamburg-EPGD-EPWA,DT
102.,TU,28.02-01.03.2009,EPWA-EPGD-Bruksela-EPGD-EPWA,DT
103.,YK,06.03.2009,EPWA-EPGD,DT
104.,YK,13.03.2009,EPWA-EPGD,DT
105.,TU,19-20.03.2009,Waw Bruksela Waw,DT
106.,YK,21.03.2009,EPWA-Radom-EPGD,DT
107.,Bell,30.03.2009,EPGD-Olecko-EPWA,DT
108.,YK,03-04.04.2009,EPWA-EPGD-EPWA-EPWR,DT
109.,YK,05.04.2009,EPWA-EPWR-Praga-EPGD-EPWA,DT
110.,YK,06.04.2009,EPGD-EPWA,DT
111.,YK,09.04.2009,EPGD-EPWA,DT
112.,YK,09.04.2009,EPWA-EPGD,DT
113.,YK,14.04.2009,EPGD-EPWA,DT
114.,YK,15.04.2009,EPWA-EPKT,DT
115.,YK,15.04.2009,EPKT-EPWA,DT
116.,YK,16-17.04.2009,EPWA-Tallin-Helsinki-EPGD-EPWA,DT
117.,YK,24.04.2009,EPWA-EPGD,DT
118.,YK,26.04.2009,EPGD-EWWA,DT
119.,YK,30.04.2009,EPWA-EPGD,DT
120.,YK,03.05.2009,EPGD-EPWA,DT
121.,TU,07.05.2009,EPWA-Praga-EPWA,DT
122.,YK,09.05.2009,EPWA-EPPO-EPGD,DT
123.,YK,19.05.2009,EPGD-EPWA,DT
124.,YK,22.05.2009,EPWA-EPGD,DT
125.,W3,31.05.2009,EPWA-Kazimierz Biskupi,DT
126.,W3,01.06.2009,EPWA-Poniatowa-EPWA,DT
127.,W3,02.06.2009,EPWA-Turbia-EPWA,DT
128.,YK,03.06.2009,EPWA-EPKK,DT
129.,YK,04.06.2009,EPKK-EPWA,DT
130.,TU,04.06.2009,EPWA-EPKK-EPGD,DT
131.,YK,05.06.2009,EPWA-EPKT-EPGD,DT
132.,YK,05.06.2009,EPGD-EPWA,DT
133.,YK,07.06.2009,EPGD-EPWA,DT
134.,TU,18.06.2009,EPWA-Bruksela-EPGD-EPWA,DT
135.,YK,26.06.2009,EPGD-Rzeszów-EPWA-EPGD- Rzeszów Zawada Radwan Dziewiętlice Wrocław ,DT
136. ,YK/W3,29.06.2009,EPWR-EPWA,DT
137.,YK,03.07.2009,EPWA-EPGD,DT
138.,W3,04.07.2009,EPGD-Pomysk Wlk.-EPGD,DT
139.,W3,08.07.2009,EPWA-Łyse-EPWA,DT
140.,TU,10.07.2009,EPWA- Kijów-EPWA-EPGD,DT
141.,TU,12.07.2009,EPWA-EPGD-Osnabruck-EPGD-EPWA,DT
142.,YK,13.07.2009,EPGD-EPWA,DT
143.,YK,17.07.2009,EPWA-EPGD,DT
144.,YK,24.07.2009,EPWA-EPGD,DT
145. ,YK,01.08.2009,EPWA-EPGD,DT
146. ,YK,13.08.2009,EPWA-EPKT-EPWA,DT
147. ,YK,15.08.2009,EPWA-EPGD,DT
148. W3,W3,18.08.2009,EPWA-Jarocin-EPWA,DT
149. YK,YK,21.08.2009,EPWA-EPGD,DT
150. YK,YK,31.08.2009,EPWA-EPGD,DT
151. YK,YK,31.08.2009,EPGD-EPWA,DT
152. YK,YK,31.08.2009,EPWA-EPGD,DT
153. YK,YK,02.09.2009,EPGD-EPWA,DT
154. YK,YK,02.09.2009,EPWA-EPGD,DT
155. YK,YK,07.09.2009,EPGD-EPWA-EPWR-EPWA,DT
156. YK,YK,11.09.2009,EPWA-EPKK-EPWA,DT
157. YK,YK,11.09.2009,EPWA-EPGD-EPWA,DT
158. YK,YK,17.09.2009,EPWA-Bruksela,DT
159. YK,YK,19.09.2009,Eindhoven - EPGD-EPWA,DT
160. YK,YK,21.09.2009,EPGD-EPWA,DT
161. TU,TU,03-04.10.2009,EPWa-Berlin-EPGD-EPWA,DT
162. YK,YK,04.10.2009,EPGD-EPWA,DT
163. YK,YK,10.10.2009,EPWA-EPGD,DT
164. YK,YK,12.10.2009,EPGD-EPWA,DT
165. TU,TU,16.10.2009,EPWA-EPGD,DT
166. TU,TU,19.10.2009,EPWA-EPGD-Bruksela-EPWA,DT
167. TU,TU,22-23.10.2009,EPWA- Valetta-Ateny-EPWA,DT
168. TU,TU,29-30.10.2009,EPWA- Bruksela-EPWA,DT
169. TU,TU,30.10.2009,EPWA-EPGD,DT
170. TU,TU,05.11.2009,EPWA-Paryż-EPWA,DT
171. YK,YK,06.11.2009,EPWA-EPGD,DT
172. TU,TU,09.11.2009,EPWA-EPGD-Berlin-EPWA,DT
173. YK,YK,13.11.2009,EPWA-EPGD,DT
174. TU,TU,19-20.11.2009,EPWA-Bruksela-EPWA,DT
175. YK,YK,21.11.2009,EPWA-EPGD,DT
176. YK,YK,27.11.2009,EPWA-EPGD,DT
177. W3,W3,29.11.2009,EPWA-EPGD,DT
178. TU,YK,30.11.2009,EPGD-EPWA,DT
179. YK,YK,04.12.2009,EPWA-EPKK-EPGD-EPWA,DT
180. W3,YK,07.12.2009,EPGD- Łyse-EPWA,DT
181. YK,YK,09-11.12.2009 ,EPWA-Kolonia-Bruksela-EPGD-EPWA,DT
182. YK,182. YK,14.12.2009,EPGD-EPWA,DT
183. TU,183. TU,17-18.12.2009,EPWA-Kopenhaga-EPWA,DT
184. YK,184. YK,18.12.2009,EPWA-EPGD,DT
185. YK,185. YK,23.12.2009,EPWA-EPGD,DT
186. YK,186. YK,30.12.2009,EPWA-EPGD,DT
187. YK,187. YK,08.01.2010,EPWA-EPGD,DT
188. Bell,188. Bell,22.01.2010,EPWA-Orzysz-EPGD,DT
189. YK,189. YK,25.01.2010,EPGD-EPWA,DT
190. YK,190. YK,27.01.2010,EPWA-EPKK-Oświęcim,DT
191. Bell,191. Bell,27.01.2010,EPWA-EPKK-Oświęcim,DT
192. YK,192. YK,29.01.2010,EPWA-EPGD,DT
193. YK,193. YK,05.02.2010,EPWA-EPGD,DT
194. YK,194. YK,07.02.2010,EPGD-EPWA-EPGD,DT
195.,YK,09.02.2010,EPGD-EPWA,DT
196.,TU,10-11.02.2010,EPWA-Bruksela-EPWA,DT
197.,YK,12.02.2010,EPWA-EPGD,DT
198.,YK,15.02.2010,EPGD-EPWA,DT
199.,YK,19.02.2010,EPWA-EPGD,DT
200.,TU,24.02.2010,EPWA-BUD-EPWA,DT
201.,YK,26.02.2010,EPWA-EPGD,DT
202.,YK,05.03.2010,EPWA-EPGD,DT
203.,YK,08.03.2010,Gdynia-EPWA,DT
204.,TU,09-12.03.2010,EPWA-Baku-Tbilisi-Erewań-EPGD-EPWA,DT
205.,YK,15.03.2010,EPGD-EPWA,DT
206.,YK,19.03.2010,EPWA-EPGD,DT
207.,TU,24-26.03.2010,EPWA-Bruksela-EPWA,DT
208.,YK,27.03.2010,EPWA-EPGD,DT
209.,TU,07.04.2010,EPWA-Smoleńsk-EPWA,DT
210.,TU,08.04.2010,EPWA-PRG-EPWA,DT
211.,Bell,08.04.2010,EPWA-Szczytno-EPWA,DT
212.,YK,09.04.2010,EPWA-EPGD,DT
213.,YK,11.04.2010,EPWA-EPGD,DT
214.,W3,19.04.2010,EPWA-Przasnysz-EPWA,DT
215.,MI8,20.04.2010,EPWA-EPGD,DT
216.,MI8,21.04.2010,EPGD-Kołobrzeg-EPGD,DT
217.,YK,24.04.2010,EPWA-EPGD,DT
218.,YK,26.04.2010,EPWA-EPGD-EPWA,DT
219.,YK,30.04-03.05.2010,EPWA-EPGD-EPWA,DT
220.,YK,07.05.2010,EPWA-EPGD,DT
221. czarter,czarter,12-13.05.2010,Akwizgran,DT
222.,YK,14.05.2010,WPWA-EPGD,DT
223.,YK,15.05.2010,EPGD-EPWA-EPWA,DT
224.,YK,17-18.05.2010,EPWA-EPKK-EPWA,DT
225.,YK,23.05.2010,EPGD-EPWA,DT
226.,YK,26.05.2010,EPWA-EPKK-EPWA,DT
227.,YK,28.05.2010,EPWA-EPGD,DT
228.,YK,31.05.2010,EPGD-EPWA,DT
229.,YK,02.06.2010,EPWA-EPGD,DT
230.,YK,04.06.2010,EPGD-EPWA-EPGD,DT
231.,YK,05.06.2010,EPGD-EPWA,DT
232.,W3,05.06.2010,EPWA-Sandomierz-EPWA,DT
233.,W3,06.06.2010,EPWA-Sandomierz-EPWA,DT
234.,YK,06.06.2010,EPWA-EPGD,DT
235.,YK,07.06.2010,EPGD-EPWA,DT
236.,EMB,09.06.2010,WAW- Bruksela-WAW,DT
237.,YK,11.06.2010,EPWA-EPGD,DT
238.,YK,13.06.2010,EPGD-EPWA,DT
239.,EMB,16-17.06.2010,WAW-Bruksela-WAW,DT
240.,EMB,18.06.2010,WAW-KTW-GDN,DT
241.,YK,20.06.2010,EPGD-EPWA,DT
242.,YK,23.06.2010,EPWA-EPKT-EPWA,DT
243.,YK,26.06.2010,EPWA-EPGD,DT
244.,YK,04.07.2010,EPGD-EPWA,DT
245.,EMB,09.07.2010,WAW-Dubrownik-GDN-WAW,DT
246.,YK,16.07.2010,EPWA-EPGD,DT
247.,EMB,20.07.2010,WAW-BUD-WAW,DT
248.,EMB,28.07.2010,WAW-PRG-WAW,DT
249.,EMB,23.07.2010,WAW-GDN,DT
250.,YK,30.07.2010,EPWA-EPGD,DT
251.,YK,06.08.2010,EPWA-EPGD,DT
252.,YK,13.08.2010,EPWA-EPGD,DT
253.,YK,17.08.2010,EPWA-EPKK-EPWA,DT
254.,YK,20.08.2010,EPWA-EPGD,DT
255.,YK,27.08.2010,EPWA-EPGD,DT
256. YK / EMB,256. YK / EMB,31.08.2010,GDN-WAW,DT
257.,YK,03.09.2010,EPGD-EPWA-EPGD,DT
258.,YK,13.09.2010,Mirosławiec-EPWA,DT
259.,EMB,16.09.2010,WAW-Bruksela-WAW,DT
260.,EMB,26.09.2010,Berlin-GDN-WAW,DT
261.,YK,27.09.2010,EPGD-EPWA,DT
262.,YK,25.09.2010,EPWA-EPGD,DT
263.,EMB,02.10.2010,WAW-SZZ-GDN-WAW,DT
264.,W3,02.10.2010,EPSZ-Świnoujście-EPSZ,DT
265.,EMB,04.10.2010,WAW-Bruksela-WAW,DT
266.,YK,08.10.2010,EPWA-EPGD,DT
267.,YK,09.10.2010,EPGD-EPWA-EPGD,DT
268.,EMB,13-14.10.2010,WAW-Warna-WAW,DT
269.,Bell,15.10.2010,EPWA-Grajewo-EPGD-EPWA,DT
270.,W3,25.10.2010,EPWA-Gołdap-Zambrów-EPWA,DT
271.,EMB,28-29.10.2010,WAW-Bruksela-GDN-WAW,DT
272.,EMB,28-29.10.2010,WAW-Bruksela-WAW,DT
273.,W3,05.11.2010,EPWA-Tarnów-Kaniów,DT
274.,EMB,05.11.2010,WAW-GDN,DT
275.,EMB,08.11.2010,GDN-WAW,DT
276.,Bell,12.11.2010,EPWA-Michałków-Kazimierz Biskupi-EPWA,DT
277.,EMB,13.11.2010,WAW-RZE-WAW,DT
278.,W3,13.11.2010,EPRZ-Suszno-EPRZ,DT
279.,EMB,14.11.2010,WAW-GDN,DT
280.,EMB,15.11.2010,WAW-WRO-WAW,DT
281.,YK,17-18.11.2010,EPWA-EPKK-EPWA,DT
282.,EMB,19.11.2010,KTW-WAW-GDN,DT
283.,EMB,22.11.2010,GDN-WAW,DT
284.,YK,26.11.2010,EPWA-EPLL-EPBY-EPGD,DT
285.,YK,27.11.2010,EPGD-EPKK-EPGD,DT
286.,YK,28.11.2010,EPGD-EPSZ-EPGD,DT
287.,EMB,03.12.2010,WAW-GDN,DT
288.,EMB,05.12.2010,GDN-WAW,DT
289.,EMB,06.12.2010,WAW-Berlin-WAW,DT
290.,EMB,08-09.12.2010,WAW-Ankara-Stambuł-WAW,DT
291.,EMB,11.12.2010,WAW-GDN,DT
292.,EMB,16-17.12.2010,WAW-Bruksela-WAW,DT
293.,EMB,17.12.2010,WAW-GDN,DT
294.,YK,20.12.2010,GDN-WAW,DT
295. EMB,EMB,23.12.2010,WAW-GDN,DT
296.,YK,27.11.2010,EPGD-EPWA,DT
297. EMB,297. EMB,30.12.2010,WAW-GDN,DT
298. EMB,298. EMB,05.01.2011,WAW-GDN,DT
299. EMB,299. EMB,17.01.2011,GDN-WAW,DT
300. EMB,300. EMB,12-13.01.2011,WAW-VRN-WAW,DT
301. EMB,301. EMB,17.01.2011,GDN-WAW,DT
302. EMB,302. EMB,21.01.2011,WAW-GDN,DT
303. EMB,303. EMB,31.01.2011,WAW-GDN-BRU-WAW,DT
304. EMB,304. EMB,24.01.2011,GDN- WAW,DT
305. EMB,305. EMB,28.01.2011,WAW-GDN,DT
306. EMB,306. EMB,01.02.2011,WAW-GDN,DT
307. EMB,307. EMB,02.02.2011,GDN-WAW,DT
308. EMB,308. EMB,02.02.2011,WAW-GDN,DT
309. EMB,309. EMB,03-04.02.2011,WAW-GDN-BRU-GDN-WAW,DT
310. EMB,310. EMB,07.02.2011,GDN-WAW,DT
311. EMB,311. EMB,15.02.2011,WAW-Bratysława-WAW,DT
312. EMB,312. EMB,11.02.2011,WAW-GDN,DT
313. EMB,313. EMB,18.02.2011,WAW-GDN,DT
314. EMB,314. EMB,23-24.02.2011,WAW-TLV-WAW,DT
315. EMB,315. EMB,25-26.02.2011,WAW-OSL-GDN-WAW,DT
316. EMB,316. EMB,04.03.2011,WAW-KRK-GDN-WAW,DT
317. EMB,317. EMB,10-11.03.2011,WAW-Torrejon-MAD-BRU-WAW,DT
318. EMB,318. EMB,11-12.03.2011,WAW-GDN-WAW,DT
319. EMB,319. EMB,23-25.03.2011,WAW-BRU-WAW,DT
320. EMB,320. EMB,29-30.03.2011,WAW-KIV-WAW,DT
321. EMB,321. EMB,19.03.2011,WAW-CDG-GDN-WAW,DT
322. EMB,322. EMB,23.03.2011,WAW-SZZ-WAW,DT
323.,W3,23.03.2011,EPSZ-Świnoujście-EPSZ,DT
324. EMB,324. EMB,26-28.03.2011,WAW-GDN-WAW,DT
325. EMB,325. EMB,01.04.2011,WAW-GDN,DT
326. EMB,326. EMB,08.04.2011,WAW-VIE-WAW-GDN,DT
327. EMB,327. EMB,10.04.2011,GDN-WAW-GDN,DT
328. EMB,328. EMB,13.04.2011,WAW-Kijów-WAW,DT
329. EMB,329. EMB,15.04.2011,WAW-GDN,DT
330. EMB,330. EMB,18.04.2011,WAW-GDN-Londyn-WAW,DT
331. EMB,331. EMB,22.04.2011,WAW-GDN,DT
332. EMB,332. EMB,26.04.2011,GDN-WAW,DT
333.,W3,30.04-01.05.2011,EPWA-EPKK-EPWA-EPGD,DT
334. EMB,334. EMB,05-07.05.2011,WAW-Podgorica-Belgrad Zagrzeb-GDN-WAW,DT
335. EMB,335. EMB,09.05.2011,GDN-WAW,DT
336.,W3,12.05.2011,EPWA-Turbia Łososina-EPKT (Muchowiec),DT
337. EMB,337. EMB,12.05.2011,KTW-GDN,DT
338. EMB,338. EMB,13.05.2011,GDN-WAW,DT
339. EMB,339. EMB,14.05.2011,WAW-GDN,DT
340. EMB,340. EMB,16.05.2011,WAW-GDN-KTW-WAW,DT
341. EMB,341. EMB,20.05.2011,WAW-GDN-WAW,DT
342. EMB,342. EMB,23.05.2011,WAW-GDN-BRU-WAW,DT
343. EMB,343. EMB,28-30.05.2011,WAW-GDN-WAW,DT
344. Bell,344. Bell,01.06.2011,EPWA-InoWRO-EPWA,DT
345.,W3,02.06.2011,EPAW-Włocławek-EPWA,DT
346.,EMB,03.06.2011,WAW-Paryż-WAW,DT
347.,EMB,09.06.2011,WAW-GDN,DT
348.,EMB,13.06.2011,GDN-WAW,DT
349.,EMB,13.06.2011,GDN-WAW,DT
350.,W3,14.06.2011,EPWA-Mielnik-EPWA,DT
351.,W3,15.06.2011,EPWA-Bielsk Podl-EPWA,DT
352.,EMB,16.06.2011,WAW-BTS-WAW,DT
353.,EMB,18.06.2011,WAW-GDN,DT
354.,EMB,20.06.2011,GDN-WAW,DT
355.,EMB,23-24.06.2011,WAW-BRU-WAW,DT
356.,EMB,25-27.06.2011,WAW-GDN-WAW,DT
357.,EMB,02-03.07.2011,WAW-GDN-WAW,DT
358.,EMB,05-06.07.2011,WAW-SXB-WAW,DT
359.,EMB,08-11.07.2011,WAW-GDN-WAW,DT
360.,W3,14.07.2011,EPWA-Stębark-EPWA,DT
361.,EMB,15.07.2011,WAW-PRG-WAW,DT
362.,W3,16.07.2011,EPKK-Nowy Targ-CISNA-EPRZ,DT
363.,EMB,16.07.2011,WAW-KRK,DT
364.,EMB,17.07.2011,RZE-GDN,DT
365.,W3,22.07.2011,EPWA-Białystok-EPWA,DT
366.,EMB,22.07.2011,WAW-GDN,DT
367.,W3,23.07.2011,EPGD-Siemirowice-EPGD,DT
368.,TU,25.07.2011,EPGD-EPWA,DT
369.,EMB,30.07.2011,WAW-KRK-GDN,DT
370.,W3,30.07.2011,EPKK-Łososina-EPKK,DT
371.,EMB,05.08.2011,WAW-GDN,DT
372. policja,policja,12.08.2011,WAW Baby WAW,DT
373.,EMB,13.08.2011,WAW-GDN,DT
374.,EMB,15.08.2011,GDN-WAW,DT
375.,EMB,20.08.2011,WAW-GDN,DT
376.,EMB,27.08.2011,WAW-WRO-GDN,DT
377.,EMB,29.08.2011,GDN-WAW,DT
378.,EMB,30.08.2011,WAW-BRU-WAW,DT
379.,EMB,31.08.2011,WAW-GDN,DT
380.,EMB,01-02.09.2011,WAW-GDN-Paryż-WAW,DT
381.,EMB,02.09.2011,WAW-GDN,DT
382.,EMB,04.09.2011,GDN--LCJ,DT
383.,W3,07.09.2011,EPWA-Tarnów-Nowy Sącz-EPWA,DT
384.,EMB,08.09.2011,WAW-WRO-WAW,DT
385.,EMB,10.09.2011,WAW-GDN,DT
386.,EMB,12.09.2011,WAW-GDN-BRU-WAW,DT
387.,W3,14.09.2011,EPKT-Cieszyn-EPKT,DT
388.,EMB,14.09.2011,WAW-KTW-WAW,DT
389.,EMB,15.09.2011,WAW-RZE-WAW,DT
390.,EMB,16-17.09.2011 ,WAW-GDN-Ryga-Zagrzeb-WAW,DT
391.,EMB,17-18.09.2011,WAW-GDN-WAW,DT
392.,EMB,23.09.2011,SZZ-WAW,DT
393.,EMB,28-29.09.2011,WAW-GDN-WAW,DT
394.,EMB,30.09.2011,WAW-GDN-WAW,DT
395. EMB,EMB,01.10.2011,GDN-WAW,DT
396. EMB,EMB,03.10.2011,KTW-WAW,DT
397. EMB ,EMB,07-08.10.2011,WAW-GDN-WAW,DT
398. EMB,EMB,14.10.2011,WAW-PRG-WAW-GDN,DT
399. EMB,EMB,20.10.2011,WAW-BRU-WAW,DT
400. EMB,EMB,21.10.2011,WAW-GDN,DT
401. EMB,EMB, 22-23.10.2011,WAW-GDN-BRU-GDN-WAW,DT
402. EMB,402. EMB,24.10.2011,GDN-WAW,DT
403. EMB,403. EMB,26.10.2011,WAW-BRU-WAW,DT
404. EMB,404. EMB,28.10.2011,WAW-GDN,DT
405. EMB,405. EMB,29.10.2011,WAW-PMO,DT
406. EMB,406. EMB,04.11.2011,WAW-GDN,DT
407. EMB,407. EMB,07.11.2011,GDN-WAW,DT
408. EMB,408. EMB,11.11.2011,LCJ-GDN,DT
409. EMB,409. EMB,12.11.2011,GDN-WAW-GDN,DT
410. EMB,410. EMB,14.11.2011,GDN-WAW,DT
411. EMB,411. EMB,19.11.2011,WAW-GDN,DT
412. EMB,412. EMB,25.11.2011,WAW-GDN,DT
413. EMB,413. EMB,02.12.2011,WAW-GDN,DT
414. EMB,414. EMB,05.12.2011,GDN-WAW,DT
415,416. EMB ,8.12.2011,WAW-MRS-BRU-WAW,DT
416. EMB ,416. EMB ,13-14.12.2011,WAW-SXB-WAW,DT
417. EMB,417. EMB,16.12.2011,WAW-GDN,DT
418. EMB,418. EMB,19.12.2011,GDN-WAW,DT
419. EMB,419. EMB,21.12.2011,WAW-KTW WAW,DT
420. EMB,420. EMB,23.12.2011,WAW-GDN,DT
421. EMB,421. EMB,27.12.2011,GDN-WAW,DT
422. EMB,422. EMB,30.12.2011,WAW-GDN,DT
423. EMB,423. EMB,02.01.2012,GDN-WAW,DT
424. EMB,424. EMB,05.01.2012,WAW-GDN,DT
425. EMB 11-12.01.2012 ,EMB,11.01.2012,WAW-VRN-WAW-CPH-WAW-VRN-WAW,DT
426. EMB,EMB,16.01.2012,GDN-WAW,DT
427. EMB ,EMB,18-19.01.2012,WAW-Rzym-WAW,DT
428. EMB,428. EMB,20.01.2012,WAW-GDN,DT
429. EMB,429. EMB,23.01.2012,GDN-WAW,DT
430. EMB,430. EMB,27.01.2012,WAW-GDN,DT
431. EMB,431. EMB,29.01.2012,GDN-WAW,DT
432. EMB ,432. EMB ,29-31.01.2012,WAW-BRU-WAW,DT
433. EMB,433. EMB,03.02.2012,WAW-GDN,DT
434. EMB,434. EMB,06.02.2012,GDN-WAW,DT
435. EMB,435. EMB,09.02.2012,WAW-KRK-WAW,DT
436. EMB,436. EMB,10.02.2012,WAW-GDN,DT
437. EMB,437. EMB,13.02.2012,GDN-WAW,DT
438. EMB,438. EMB,17.02.2012,WAW-GDN,DT
439. EMB,439. EMB,19.02.2012,GDN-WAW,DT
440. EMB ,440. EMB ,01-02.03.2012,WAW-BRU-WAW,DT
441. EMB ,441. EMB ,03-04.03.2012,WAW-GDN-KTW-GDN-WAW,DT
442.,W3,17.05.2012,EPWA-EPPO,DT
443. EMB 17-18.04.2012,EMB,17-18.04.2012,WAW-LCA-WAW,DT
444. EMB ,EMB,21-24.04.2012 ,WAW-LCA Dubaj-AUH RUH-LCA-WAW,DT
445. EMB,445. EMB,19.05.2012,WRO-WAW-GDN-WAW,DT
446. EMB,EMB,23-24.05.2012,WAW-BRU-WAW,DT
447. EMB 28-29.05.2012,EMB,28-29.05.2012,WAW-Rzym-WAW,DT
448. EMB,448. EMB, 30-31.05.2012,WAW-RLG -Berlin-WAW,DT
449. EMB,449. EMB,01.06.2012,WAW-OTP-WAW,DT
450. EMB,450. EMB,11.06.2012,GDN-WAW,DT
451. EMB,451. EMB,16.06.2012,WAW-WRO-GDN-WAW,DT
452. EMB,452. EMB,18.06.2012,GDN-WAW,DT
453. EMB,453. EMB,22.06.2012,WAW-PRG-KTW-GDN-WAW,DT
454. EMB ,454. EMB ,28-29.06.2012,WAW-BRU-WAW,DT
455. EMB ,455. EMB ,01-02.07.2012,WAW-KBP-WAW,DT
456. EMB,456. EMB,02.07.2012,GDN-WAW,DT
457. EMB 06-07.07.2012,DT,6.07.2012, WAW-GDN-DBV-GDN-WAW,DT
458.,W3,14.07.2012,EPWA-Lubliniec-EPWA,DT
459. EMB,459. EMB,30.07.2012,GDN-WAW,DT
460. EMB 04-05.08.2012,EMB,04-05.08.2012,WAW-ZHR-WAW,DT
461. EMB,461. EMB,31.08.2012,WAW-GDN,DT
462. EMB,462. EMB,02.09.2012,GDN-WAW-GDN,DT
463. EMB,463. EMB,03.09.2012,GDN-WAW,DT
464. EMB,464. EMB,24.09.2012,GDN-WAW,DT
465.,W3,26.09.2012,EPSZ-Ziemsko-EPSZ,DT
466. EMB,466. EMB,26.09.2012,WAW-SZZ-WAW,DT
467. EMB,467. EMB,01.10.2012,WAW-GDN-KRK-WAW,DT
468. EMB,468. EMB,10.10.2012,WAW-HEL-WAW,DT
469. EMB,469. EMB,15.10.2012,GDN-WAW,DT
470. EMB 17-18.10.2012,,17.10.2012,WAW-OTP-WAW,DT
471. EMB 18-19.10.2012,,18.10.2012,WAW-BRU-WAW,DT
472. EMB 21-22.10.2012,,21.10.2012,WAW-GDN-WAW,DT
473. EMB,473. EMB,25.10.2012,WAW-RZE,DT
474.,W3,26.10.2012,Turbia-EPWA,DT
475. EMB,475. EMB,29.10.2012,WAW-GDN-KTW-WAW,DT
476. EMB,476. EMB,02.11.2012,GDN-WAW,DT
477. EMB,477. EMB,07.11.2012,CPH-WAW,DT
478. EMB,478. EMB,10.11.2012,WAW-RZE-WAW,DT
479. EMB,479. EMB,13.11.2012,WAW-BRU-WAW,DT
480. EMB,480. EMB,14.11.2012,WAW-Berlin,DT
481. EMB 14-15.11.2012,EMB,14.11.2012,Berlin BRU-WAW,DT
482. EMB,EMB,19.11.2012,GDN-WAW,DT
483. EMB 22-23.11.2012,EMB,22.11.2012,WAW-BRU-WAW-GDN,DT
484. EMB,484. EMB,26.11.2012,WAW-GDN-WRO-WAW,DT
485. EMB,485. EMB,29.11.2012,WAW-WRO-WAW,DT
486. EMB,486. EMB,10.12.2012,GDN-OSL-WAW,DT
487. EMB 13-14.12.2012,EMB,13.12.2012,WAW-BRU-WAW,DT
488. EMB,488. EMB,28.01.2013,WAW-Paryż-WAW,DT
489. EMB 06-07.02.2013,EMB,6.02.2013,WAW-Luksemburg-BRU,DT
490. EMB,490. EMB,08.02.2013,BRU-WAW,DT
491. EMB 04-05.03.2013,EMB,4.03.2013,WAW-HAJ-WAW,DT
492. EMB,492. EMB,11.03.2013,WAW-GDN-Talli- WAW,DT
493. EMB 14-15.03.2013,EMB,14.03.2013,WAW-BRU-WAW,DT
494. EMB,494. EMB,27.03.2013,WAW-Poprad-WAW,DT
495. EMB,495. EMB,07.04.2013,GDN-WAW,DT
496. EMB,496. EMB,09-10.04.2013,WAW-Moskwa-WAW,DT
497. EMB,497. EMB,17.04.2013,WAW-Londyn-WAW,DT
498. EMB,498. EMB,21-22.04.2013,WAW-GDN Berlin WAW,DT
499. EMB,499. EMB,22.05.2013,WAW-BRU-WAW,DT
500. EMB,500. EMB,07-08.06.2013,WAW-Lizbona-GDN-WAW,DT
501. EMB,501. EMB,03.06.2013,WAW-GDN-LCJ-WAW,DT
502. EMB,502. EMB,10.06.2013,WAW-GDN-Belgrad-WAW,DT
503. EMB,503. EMB,27-28.06.2013,WAW-WRO-BRU-KTW-WAW,DT
504. EMB 30.06-01.07.2013,EMB,30.06.2013,WAW-Zagrzeb-WAW,DT
505. EMB,505. EMB,03.07.2013,WAW-Berlin-WAW,DT
506. EMB,506. EMB,14-15.07.2013,WAW-GDN-Madryt-WAW,DT
507. EMB,507. EMB,29.07.2013,WAW-IEG-WAW,DT
508.,W3,02.08.2013,Mińsk Maz.-Wadowice-EPWA,DT
509.,W3,29.08.2013,EPWA-Busko Zdrój-EPWA,DT
510.,W3,03.09.2013,EPWA-Krynica-EPWA,DT
511.,W3,10.09.2013,EPKT-EPWA,DT
512. EMB,512. EMB,16.09.2013,WAW-GDN-KTW-WAW,DT
513. EMB,513. EMB,25.09.2013,WAW-GDN-WAW,DT
514. EMB,514. EMB,30.09.2013,GDN-LCJ-WAW,DT
515. EMB,515. EMB,03.10.2013,WAW-KRK-WAW,DT
516.,W3,03.10.2013,EPKK-Lubliniec-EPKK,DT
517. EMB,517. EMB,14.10.2013,WAW-GDN-BUD-WAW,DT
518. EMB,518. EMB,24-25.10.2013,WAW-BRU-WAW,DT
519. EMB,519. EMB,31.10.2013,WAW-GDN-WAW,DT
520. EMB,520. EMB,11-12.11.2013,WAW-Paryż-WAW,DT
521. EMB,521. EMB,26.11.2013,WAW-OTP-WAW,DT
522. EMB,522. EMB,29.11.2013,WAW-KRK-WAW,DT
523. EMB,523. EMB,01.12.2013,GDN-WAW,DT
524. EMB,524. EMB,04.12.2013,KTW-WAW,DT
525. EMB,525. EMB,09.12.2013,WAW-GDN-POZ-WAW,DT
526. EMB,526. EMB,19-20.12.2013,WAW-BRU-WAW,DT
527. EMB,527. EMB,22.12.2013,WAW-KRK-GDN-WAW,DT
528. EMB,528. EMB,28.12.2013,WAW-KRK-GDN,DT
529. EMB,529. EMB,29-30.01.2014,WAW-BUD-BRU-Paryż -WAW,DT
530. EMB,530. EMB,31.01.2014,WAW-Berlin-Oxfordshire-WAW,DT
531. EMB,531. EMB,03.02.2014,WAW-GDN-TLL-Sztokholm-HEL-WAW,DT
532. EMB,532. EMB,06.02.2014,WAW-KIV-WAW,DT
533. EMB,533. EMB,14-16.02.2014,WAW-WRO -KRK-WAW,DT
534. W-3,534. W-3,15-16.02.2014,Opole-Zakopane-EPKK,DT
535. EMB,535. EMB,21.02.2014,WAW-RZE-WAW,DT
536. EMB,536. EMB,06-07.03.2014,WAW-BRU-DUB-GDN-WAW,DT
537. EMB,537. EMB,08.03.2014,GDN-KRK-GDN-WAW,DT
538. EMB,538. EMB,10.03.2014,GDN-WAW,DT
539. EMB,539. EMB,20-21.03.2014,WAW-BRU-WAW,DT
540. EMB,540. EMB,26.03.2014,WAW-GDN-WAW,DT
541. EMB,541. EMB,28.03.2014,WAW-KIV-WAW,DT
542. EMB,542. EMB,29.03.2014,WAW-KTW WAW,DT
543. EMB,543. EMB,30.03.2014,WAW-RZE-WAW,DT
544. EMB,544. EMB,02.04.2014,WAW-BRU-WAW,DT
545.,W3,06.04.2014,EPGD- Bartoszyce-EPGD,DT
546. EMB,546. EMB,09.04.2014,WAW-KRK-WAW,DT
547. EMB,547. EMB,10.04.2014,WAW-GDN-WAW,DT
548. EMB,548. EMB,11.04.2014,WAW-KRK-GDN-WAW,DT
549. CASA,549. CASA,14.04.2014,WAW-Łask-WAW,DT
550. EMB,550. EMB,17.04.2014,WAW-KTW WAW,DT
551. EMB,551. EMB,23-24.04.2014,WAW-BRU-Paryż-WAW,DT
552. EMB,552. EMB,25.04.2014,WAW-POZ-Berlin-GDN-WAW,DT
553. EMB,553. EMB,26-27.04.2014,WAW-Rzym-WAW,DT
554. EMB,554. EMB,29-30.04.2014,WAW-MAD-WAW,DT
555. EMB,555. EMB,05-07.05.2014,WAW-KTW-WAW,DT
556. EMB,556. EMB,15.05.2014,WAW-BTS-KRK-WAW,DT
557. EMB,557. EMB,16.05.2014,WAW-RZE-WAW,DT
558. EMB,558. EMB,16-19.05.2014,WAW-Neapol -Rzym-WAW,DT
559. EMB,559. EMB,21.05.2014,WAW-BRU-WAW,DT
560. EMB,560. EMB,22-23.05.2014 WAW-SZZ, IEG-WRO-KTW-GDN-WAW,DT
561. EMB,561. EMB,27-28.05.2014,WAW-BRU-SZZ,DT
562. EMB,562. EMB,28.05.2014,SZZ-WAW,DT
563. EMB,563. EMB,29.05.2014,WAW-WRO-WAW,DT
564. EMB,564. EMB,05.06.2014,WAW-KTW-WRO-WAW,DT
565. EMB,565. EMB,23.06.2014,WAW-GDN-WAW,DT
566. EMB,566. EMB,24.06.2014,WAW-BUD-WAW,DT
567. EMB,567. EMB,26-27.06.2014,WAW-Kortrijk-BRU-WAW,DT
568. EMB,568. EMB,09-10.07.2014,WAW Berlin WAW,DT
569. EMB,569. EMB,16-17.07.2014,WAW-BRU-WAW,DT
570. EMB,570. EMB,30-31.08.2014,WAW-BRU-GDN-WAW,DT
571. EMB,571. EMB,01.09.2014,GDN-WAW,DT
572.,W3,01.09.2014,Ostrowiec Św- EPWA,DT
573. EMB,573. EMB,05.09.2014,WAW-KTW WAW,DT
 1.,EMB,06.10.2014,WAW-Bruksela-WAW,EK
 2.,EMB,07.10.2014,WAW-KTW-WAW,EK
 3.,EMB,09-10.10.2014,WAW-Berlin-Paryż-WAW,EK
 4.,EMB,16-17.10.2014,WAW-Mediolan-WAW,EK
 5.,EMB,23-24.10.2014,WAW-Bruksela-WAW,EK
 6.,EMB,30.10.2014,WAW-IEG-WRO-WAW,EK
 7.,EMB,03.11.2014,WAW-WRO-KTW-WAW,EK
 8.,EMB,20.11.2014,WAW-WRO-WAW,EK
 9.,EMB,02.12.2014,WAW-PRG-WAW,EK
10.,W3,04.12.2014,EPWA-EPKT,EK
11.,EMB,04.12.2014,KTW-WAW,EK
12.,EMB,09.12.2014,WAW-BTS-WAW/KRK,EK
13.,EMB,18-19.12.2014,WAW-Bruksela-WAW,EK
14.,EMB,11.01.2015,WAW-Paryż-WAW,EK
15.,EMB,12-13.01.2015,WAW-KTW-WAW,EK
16.,EMB,17.01.2015,KTW-WAW,EK
17.,EMB,19.01.2015,WAW-Kijów-WAW,EK
18.,EMB,29-30.01.2015,WAW-Paryż-WAW,EK
19.,EMB,12-13.02.2015,WAW-Bruksela-WAW,EK
20.,EMB,16.02.2015,WAW-LUZ-WAW,EK
21.,EMB,05.03.2015,WAW-POZ-WAW,EK
22.,EMB,19-20.03.2015,WAW-Bruksela-WAW,EK
23.,W3,10.04.2015,EPWA-EPGD,EK
24.,EMB,17-20.04.2015,WAW-Bolonia-PRG-WAW,EK
25.,EMB,23.04.2015,WAW-Bruksela-WAW,EK
26.,EMB,29.04.2015,WAW-KRK-WAW,EK
27.,EMB,08.05.2015,GDN-WAW,EK
28.,EMB,13.05.2015,WAW-GDN-WAW,EK
29.,W3,18.05.2015,EPWR-Bogatynia-EPWR,EK
30.,EMB,18.05.2015,WAW-WRO-WAW,EK
31.,EMB,21.05.2015,WAW-KTW-RIX-WAW,EK
32.,EMB,11.06.2015,WAW-Bruksela-WAW,EK
33.,EMB,11-12.06.2015,WAW-Rzym-WAW,EK
34.,EMB,19.06.2015,WAW-BTS-WAW,EK
35.,EMB,25-26.06.2015,WAW-Bruksela-WAW,EK
36.,CASA,03.07.2015,WAW-KTW-WAW,EK
37.,EMB,15-16.07.2015,WAW-MAD-WAW,EK
38.,W3,24.08.2015,EPWA-Warka-EPWA,EK
39.,EMB,03.09.2015,WAW-KTW-WAW,EK
40.,EMB,04.09.2015,WAW-GDN-PRG-WAW,EK
41.,EMB,09-10.09.2015,WAW-KRK-WAW,EK
42.,EMB,17.09.2015,WAW-Kijów-WAW,EK
43.,EMB,23-24.09.2015,WAW-Bruksela-WAW,EK
44.,EMB,25.09.2015,WAW-GDN-WAW,EK
45.,EMB,07-08.10.2015,WAW-GLS-WAW,EK
46. EMB ,46. EMB ,15.10.2015,WAW-Bruksela-WAW,EK
47.,W3 ,23.10.2015,EPWA-EPKA-EPWA,EK
 1.,EMB,29-30.11.2015,WAW-BRU-LBG-WAW,BS
 2.,EMB,03.12.2015,WAW-PRG-KRK,BS
 3.,EMB,17-18.12.2015,WAW-BRU-WAW,BS
 4.,EMB,18-19.01.2016,WAW-SXB-WAW,BS
 5.,EMB,02.02.2016,WAW-OSL-WAW,BS
 6.,EMB,03-04.02.2016,WAW-LBG-STN-WAW,BS
 7.,EMB,08.02.2016,WAW-BUD-WAW,BS
 8.,EMB,12.02.2016,WAW-TXL-KRK,BS
 9.,EMB,15.02.2016,KRK-PRG-WAW,BS
10.,EMB,18-20.02.2016,WAW-BRU-KTW,BS
11.,EMB,07-08.03.2016,WAW-BRU-WAW,BS
12.,EMB,16-18.03.2016,WAW-BRU-KRK,BS
13.,EMB,30.03.2016,WAW-RZE-WAW,BS
14.,EMB,04.04.2016,WAW-SZZ-WAW,BS
15.,W-3 Sokół,12.04.2016,EPWA-EPKK-EPWA,BS
16.,EMB,14-15.04.2016,WAW-POZ-KRK,BS
17.,EMB,18.04.2016,WAW-KRK-WAW,BS
18.,W-3 Sokół,28.04.2016,EPWA-EPST-EPWA,BS
19.,EMB,12-13.05.2016,WAW-CIA-KRK,BS
20.,W-3 Sokół,19.05.2016,EPWA-EPKK-EPWA,BS
21.,EMB,22-23.05.2016,KRK-IST-WAW,BS
22.,EMB,08.06.2016,WAW-PRG-SZZ,BS
23.,CASA,09.06.2016,EPSC-EPWA,BS
24.,EMB,18.06.2016,WAW-SZZ-KRK,BS
25.,EMB,22.06.2016,WAW-TXL-WAW,BS
26.,W-3 Sokół,24.06.2016,EPWA-EPKK,BS
27.,EMB,27-29.06.2016,WAW-BRU-WAW,BS
28.,W-3 Sokół,11.07.2016,EPKK-EPWA-EPKK,BS
29.,B-737 czarter ,14-16.07.2016,WAW-ULN-WAW,BS
30.,W-3 Sokół,16.07.2016,EPWA-EPKK,BS
31.,W-3 Sokół,18-19.07.2016,EPKK-EPWA,BS
32.,W-3 Sokół,22.07.2016,EPWA-EPKK,BS
33.,W-3 Sokół,25.07.2016,EPKK-EPWA,BS
34.,W-3 Sokół,26.07.2016,EPWA-EPKK,BS
35.,EMB,28.07.2016,WAW-KTW,BS
36.,W-3 Sokół,01.08.2016,EPWA-Jurata,BS
37.,W-3 Sokół,01.08.2016,EPKK-EPWA,BS
38.,W-3Sokół/CASA,05.08.2016,EPGD-EPWA-EPKK-EPGD,BS
39.,CASA,15.08.2016,EPKK-EPWA,BS
40.,CASA,16.08.2016,EPWA-EPKK,BS
41.,CASA,19.08.2016,EPKK-EPSC-EPKK,BS
42.,CASA,22.08.2016,EPKK-EPWA,BS
43.,EMB,27.08.2016,WAW-SCV-GDN,BS
44.,CASA,28.08.2016,EPGD-EPWA,BS
45.,CASA,30.08.2016,EPWA-EPGD,BS
46. CASA,46. CASA,01.09.2016,EPGD-EPKK,BS
47. CASA,47. CASA,04.09.2016,EPKK-EPWA,BS
48. CASA,48. CASA,08.09.2016,EPKK-EPWA,BS
49. CASA ,49. CASA ,09-10.09.2016,EPWA-EPKK-EPWA,BS
50. EMB,50. EMB,16.09.2016,WAW-BTS-KRK,BS
51. CASA,51. CASA,19.09.2016,EPKK-EPWA,BS
52. CASA 24-26.09.2016,CASA,24-26.09.2016,EPWA-EPKK-EPWA,BS
53. CASA,53. CASA,01.10.2016,EPWA-EPKK,BS
54. EMB,54. EMB,03.10.2016,KRK-IEG-WAW,BS
55. EMB,55. EMB,05.10.2016,WAW-KRK-WAW,BS
56. CASA,56. CASA,07.10.2016,EPWA-EPKK,BS
57. CASA,57. CASA,09.10.2016,EPKK-EPWA,BS
58. CASA,58. CASA,10.10.2016,EPWA-EPLB-EPRZ-EPWA,BS
59. CASA,59. CASA,12.10.2016,EPWA-EPKT-EPZG,BS
60. CASA ,CASA,14-18.10.2016,EPWA-EPKK-EPWA,BS
61. EMB,61. EMB,20-21.10.2016,WAW-BRU-KRK,BS
62. CASA,62. CASA,24.10.2016,EPKK-EPWA,BS
63. CASA,63. CASA,28.10.2016,EPWA-EPKK,BS
64. CASA,64. CASA,02.11.2016,EPKK-EPWA,BS
65. EMB,65. EMB,04-05.11.2016,WAW-RIX-WAW,BS
66. EMB,66. EMB,07.11.2016,WAW-RZE-WAW,BS
67. EMB,67. EMB,11.11.2016,WAW-KRK,BS
68. CASA,68. CASA,14.11.2016,EPKK-EPWA,BS
69. CASA,69. CASA,17.11.2016,EPWA-EPRZ-EPWA,BS
70. EMB,70. EMB,21-22.11.2016,WAW-TLV-WAW,BS
71. CASA,71. CASA,27.11.2016,EPKK-EPWA,BS
72. EMB,72. EMB,28-29.11.2016,WAW-LTN-WAW,BS
73. EMB,73. EMB,30.11.2016,WAW-WRO-WAW,BS
74. EMB,74. EMB,02.12.2016,WAW-KTW,BS
75. CASA,75. CASA,05.12.2016,EPKT-EPWA,BS
76. EMB,76. EMB,08.12.2016,WAW-KRK,BS
77. EMB,77. EMB,09.12.2016,KRK-TIA-WAW,BS
78. EMB,78. EMB,11-12.12.2016,WAW-KTW-WAW,BS
79. EMB,79. EMB,14.12.2016,WAW-RZE-WAW,BS
80. EMB,80. EMB,15-16.12.2016,WAW-BRU-WAW,BS
81. CASA,81. CASA,17.12.2016,EPWA-EPKT,BS
82. CASA,82. CASA,18.12.2016,EPKK-EPWA,BS
83. CASA,83. CASA,21.12.2016,EPWA-EPKK,BS
84. CASA,84. CASA,28.12.2016,EPKK-EPWA,BS
85. CASA,85. CASA,29.12.2016,EPWA-EPKK,BS
86. CASA,86. CASA,02.01.2017,EPKK-EPWA,BS
87. CASA,87. CASA,05.01.2017,EPWA-EPKT,BS
88. CASA,88. CASA,08.01.2017,EPKK-EPWA,BS
89. EMB,89. EMB,14.01.2017,WAW-WRO-KRK,BS
90. CASA,90. CASA,17.01.2017,EPKK-EPWA,BS
91. CASA,91. CASA,26.01.2017,EPWA-EPKK,BS
92. CASA,92. CASA,30.01.2017,EPRZ-EPWA,BS
93. EMB,93. EMB,02-03.02.2017,WAW-POZ-MLA-WAW,BS
94. EMB,94. EMB,08.02.2017,WAW-RTM-WAW,BS
95. CASA,95. CASA,10.02.2017,EPWA-EPKK,BS
96.,EMB,08-10.03.2017,WAW-BRU-WAW,BS
97.,CASA,14.03.2017,EPKK-EPWA,BS
98.,CASA,17.03.2017,EPWA-EPKK,BS
99.,CASA,20.03.2017,EPKK-EPWA,BS
100.,EMB,24-25.03.2017,WAW-CIA-WAW,BS
101.,CASA,01.04.2017,EPBY-EPKK,BS
102.,CASA,04.04.2017,EPKK-EPWA,BS
103.,CASA,18.04.2017,EPKK-EPWA,BS
104.,EMB,23-24.04.2017,WAW-HAJ-WAW,BS
105.,EMB,28-29.04.2017,WAW-BRU-KRK,BS
106.,CASA,02-03.05.2017,EPKK-EPWA-EPKK,BS
107.,CASA,05.05.2017,EPKK-EPWA,BS
108.,CASA,06-07.05.2017,EPWA-EPKK-EPWA,BS
109.,EMB,08.05.2017,WAW-TLL-WAW,BS
110. W-3 Sokół,110. W-3 Sokół,18-19.05.2017,EPWA-EPKK-EPWA,BS
111.,CASA,29.05.2017,EPKK-EPWA,BS
112.,EMB,31.05.2017,WAW-KRK,BS
113.,CASA,01.06.2017,EPKT-EPWA,BS
114.,CASA,03.06.2017,EPWA-EPKK,BS
115.,EMB,06.06.2017,WAW-KRK-WAW,BS
116.,EMB,08.06.2017,WAW-SZZ-WAW,BS
117.,EMB,09.06.2017,WAW-CPH-KRK,BS
118.,EMB,14.06.2017,WAW-KRK,BS
119.,CASA,18.06.2017,EPKK-EPWA,BS
120.,EMB,22-23.06.2017,WAW-BRU-KRK,BS
121.,EMB,04.07.2017,WAW-BUD-WAW,BS
122.,CASA,07.07.2017,EPWA-EPKK,BS
123.,CASA,12.07.2017,EPKK-EPWA,BS
124.,CASA,13.07.2017,EPWA-EPKK,BS
125.,CASA,17.07.2017,EPKK-EPWA,BS
126.,EMB,19.07.2017,WAW-BUD-WAW,BS
127.,CASA,21.07.2017,EPWA-EPKK,BS
128.,CASA,24.07.2017,EPKK-EPWA,BS
129.,EMB,26.07.2017,WAW-KRK-WAW,BS
130. W-3 Sokół,130. W-3 Sokół,15.08.2017,Jurata-EPWA-EPGD,BS
131.,EMB,23.08.2017,KRK-POZ-WAW,BS
132.,CASA,25-28.08.2017,EPWA-EPKK-EPWA,BS
133.,EMB,29.08.2017,WAW-KTW-WAW,BS
134.,EMB,30.08-01.09.2017 ,WAW-WRO-GDN-KRK,BS
135.,EMB,04.09.2017,RZE-WAW,BS
136.,EMB,05-06.09.2017,WAW-KRK-WAW,BS
137.,CASA,08.09.2017,EPWA-EPKK,BS
138.,CASA,11.09.2017,EPKK-EPWA,BS
139.,CASA,15.09.2017,EPWA-EPKK,BS
140.,CASA,18.09.2017,EPKK-EPWA,BS
141.,EMB,19-20.09.2017,WAW-SOF-WAW,BS
142.,CASA,25.09.2017,EPKK-EPWA,BS
143.,EMB,28-29.09.2017,WAW-TLL-KRK,BS
144.,CASA,02.10.2017,EPKK-EPWA,BS
145.,EMB,09.10.2017,KRK-WAW,BS
146. CASA,146. CASA,13.10.2017,EPWA-LZIB-EPKK,BS
147. EMB,147. EMB,18-20.10.2017,WAW-BRU-KRK,BS
148. CASA,148. CASA,23.10.2017,EPKK-EPWA,BS
149. CASA,149. CASA,31.10.2017,EPWA-EPKK,BS
150. CASA,150. CASA,05.11.2017,EPKK-EPWA,BS
151. EMB,151. EMB,11.11.2017,WAW-KRK,BS
152. EMB,152. EMB,12.11.2017,KRK-WAW,BS
153. EMB,153. EMB,16.11.2017,WAW-RZE,BS
154. EMB,154. EMB,16-17.11.20107,RZE-GOT-KRK,BS
155. CASA,155. CASA,20.11.2017,EPKK-EPWA,BS
156. EMB,156. EMB,22-23.11.2017,WAW-LBG-WAW,BS
157. EMB,157. EMB,24.11.2017,WAW-BRU-KRK,BS
158. EMB,158. EMB,26.11.2017,KRK-BZG-WAW,BS
159. EMB,159. EMB,27.11.2017,WAW-BUD-WAW,BS
160. EMB,EMB,28.11-01.12.2017 ,WAW-CMN-TUN-WAW,BS
161. CASA,161. CASA,01.12.2017,EPWA-EPKT,BS
162. CASA,162. CASA,03.12.2017,EPKK-EPWA,BS
163. EMB,163. EMB,08.12.2017,WAW-KRK,BS
164. CASA,164. CASA,10.12.2017,EPKK-EPWA,BS
 1.,EMB-175,14-15.12.2017,WAW-BRU-WAW,MM
 2.,EMB-175,16-17.12.2017,WAW-GDN-SZZ-WAW,MM
 3.,EMB-175,18.12.2017,WAW-KRK-WAW,MM
 4.,EMB-175,21.12.2017,WAW-KTW-WAW,MM
 5.,EMB-175,22-23.12.2017,WAW-WRO-WAW,MM
 6.,EMB-175,03.01.2018,WAW-BUD-WAW,MM
 7.,EMB-175,09-10.01.2018,WAW-BRU-WAW,MM
 8.,EMB-175,23-26.01.2018 ,WAW-ZRH-BUD-WRO-WAW,MM
 9.,CASA,26.01.2018,EPWR-EPWA,MM
10.,EMB-175,27.01.2018,WAW-KRK-WAW,MM
11.,EMB-175,02.02.2018,WAW-RZE-WAW,MM
12.,EMB-175,09.02.2018,WAW-SZY-WAW,MM
13.,EMB-175,11.02.2018,WAW-LUZ-WAW,MM
14.,EMB-175,12-13.02.2018,WAW-BEY-WAW,MM
15.,EMB-175,16.02.2018,WAW-TXL-WAW,MM
16.,EMB-175,17.02.2018,WAW-MUC-WRO-WAW,MM
17.,EMB-175,18.02.2018,WAW-KRK-WAW,MM
18.,EMB-175,22-23.02.2018,WAW-BRU-WAW,MM
19.,EMB-175,27.02.2018,WAW-POZ-WAW,MM
20.,EMB-175,08-09.03.2018,WAW-BRU-VNO-WAW,MM
21.,EMB-175,14.03.2018,WAW-WRO-WAW,MM
22.,EMB-175,18.03.2018,WAW-KTW-WAW,MM
23.,EMB-175,21.03.2018,WAW-RZE-WAW,MM
24.,EMB-175,22-23.03.2018,WAW-BRU-WAW,MM
25.,EMB-175,29.03.2018,WAW-SZY-WAW,MM
26.,CASA,30.03.2018,EPWA-EPWR-EPWA,MM
27.,EMB-175,06.04.2018,WAW-BUD-WAW,MM
28.,EMB-175,15.04.2018,WAW-KRK-WAW,MM
29.,EMB-175,18.04.2018,WAW-WRO-KRK-WAW,MM
30.,CASA,28.04.2018,EPWA-EPZG-EPOK-EPWA,MM
31.,EMB-175,02.05.2018,WAW-RZE-WAW,MM
32.,CASA,03.05.2018,EPWA-EPOK,MM
33.,EMB-175,05.05.2018,WAW-KTW-WAW,MM
34.,CASA,05.05.2018,EPOK-EPWA,MM
35.,EMB-175,15.05.2018,WAW-KTW-WAW,MM
36.,EMB-175,16-17.05.2018,WAW-SOF-WAW,MM
37.,EMB-175,20.05.2018,WAW-GDN-WAW,MM
38.,EMB-175,23.05.2018,WAW-WRO-WAW,MM
39.,EMB-175,26.05.2018,LUZ-WRO,MM
40.,EMB-175,30.05.2018,WAW-RZE-WAW,MM
41.,EMB-175,02.06.2018,WAW-SZZ-WRO-WAW,MM
42.,EMB-175,03.06.2018,WAW-PLQ-TLL-WAW,MM
43.,EMB-175,04.06.2018,WAW-CIA-WAW,MM
44.,EMB-175,09.06.2018,WAW-WRO-WAW,MM
45.,EMB-175,13.06.2018,WAW-KRK-WAW,MM
46.,EMB-175,16.06.2018,WAW-SZZ-WMI,MM
47.,CASA,18.06.2018,EPWA-EPKK-EPWA,MM
48.,EMB-175,19.06.2018,WAW-TXL-WAW,MM
49.,EMB-175,21.06.2018,WAW-BUD-WAW,MM
50.,CASA,22.06.2018,EPWA-EPWR-EPWA,MM
51.,CASA,25.06.2018,EPWA-EPOK-EPRA,MM
52.,EMB-175,28-29.06.2018,WAW-BRU-WAW,MM
53.,EMB-175,30.06.2018,WAW-BZG-RZE-WAW,MM
54.,EMB-175,03-04.07.2018,WAW-SXB-WAW,MM
55.,EMB-175,06.07.2018,WAW-KLV-WAW,MM
56.,EMB-175,06.07.2018,WAW-GDN,MM
57.,CASA,08.07.2018,EPGD-EPKT,MM
58.,CASA,09.07.2018,EPWR-EPWA,MM
59.,EMB-175,10.07.2018,WAW-LTN-WAW,MM
60.,EMB-175,13.07.2018,WAW-SZY-WAW,MM
61.,CASA,15.07.2018,EPOK-EPLB-EPOK,MM
62.,CASA,16.07.2018,EPOK-EPWA,MM
63.,EMB-175,18.07.2018,BZG-KRK-WAW,MM
64.,CASA,23.07.2018,EPOK-EPWA,MM
65.,CASA,27.07.2018,EPWA-EPPO,MM
66.,EMB-175,31.07.2018,WAW-IEG-WAW,MM
67.,EMB-175,04.08.2018,GDN-KRK-GDN,MM
68. Gulfstream G-550,68. Gulfstream G-550,06.08.2018,EPOK-EPSC-EPKK-EPOK,MM
69.,EMB-175,10.08.2018,GDN-WAW-GDN,MM
70.,EMB-175,15.08.2018,WAW-RIX-WAW,MM
71.,EMB-175,15.08.2018,GDN-WAW-GDN,MM
72. Gulfstream G-550,72. Gulfstream G-550,17.08.2018,EPOK-EPWA-EPOK,MM
73. Gulfstream G-550,73. Gulfstream G-550,19.08.2018,EPOK-EPWA-EPKK-EPWA,MM
74. Gulfstream G-550,74. Gulfstream G-550,23.08.2018,EPWA-EPBY,MM
75.,CASA,27.08.2018,EPGD-EPWA,MM
76.,EMB-175,29.08.2018,WAW-SZZ-WAW,MM
77. Gulfstream G-550,77. Gulfstream G-550,31.08.2018,EPWA-EPGD,MM
78.,CASA,01.09.2018,EPGD-EPWA,MM
79.,EMB-175,03.09.2018,WAW-KTW-WAW,MM
80.,EMB-175,05-06.09.2018,WAW-KRK-KTW-WAW,MM
81. Gulfstream G-550,81. Gulfstream G-550,08.09.2018,EPWA-EPWR,MM
82.,W-3 Sokół,08.09.2018,EPWR-Kłodzko (JW.)-EPWR,MM
83. Gulfstream G-550,83. Gulfstream G-550,13.09.2018,EPWA-EPPO,MM
84.,EMB-175,14.09.2018,POZ-KRK-WAW,MM
85.,EMB-175,15.09.2018,WAW-IEG,MM
86.,EMB-175,16.09.2018,SZZ-WAW,MM
87.,EMB-175,17.09.2018,WAW-SZZ-WAW,MM
88.,EMB-175,18.09.2018,WAW-OTP-KRK-WAW,MM
89.,EMB-175,18.09.2018,KRK-WAW,MM
90.,EMB-175,19-20.09.2018,KTW-LNZ-WAW,MM
91.,EMB-175,19.09.2018,WAW-KTW,MM
92.,Śmigłowiec W-3,21.09.2018,EPWA-Ostróda-EPWA,MM
93. Gulfstream G-550,93. Gulfstream G-550,23.09.2018,EPWA-EPLU,MM
94.,W-3 Sokół,27.09.2018,EPWA-EPKA-EPWA,MM
95.,EMB-175,28.09.2018,WAW-POZ-WAW,MM
96. Gulfstream G-550,96. Gulfstream G-550,30.09.2018,EPWR-EPBY,MM
97. Gulfstream G-550,97. Gulfstream G-550,01.10.2018,EPWA-EPLB,MM
98.,EMB-175,01.10.2018,LUZ-WAW,MM
99.,Gulfstream G-550 ,03-05.10.2018,EPWA-KTEB-EPWA,MM
100.,Śmigłowiec W-3,05.10.2018,EPWA-Białystok (aeroklub)-EPWA,MM
101.,Gulfstream G-550,06.10.2018,EPWA-EPLB,MM
102. Gulfstream G-550,102. Gulfstream G-550,07.10.2018,EPWA-EPRZ-EPWA,MM
103.,Gulfstream G-550,09.10.2018,EPWA-EPKK-EPWA,MM
104.,Śmigłowiec W-3,10.10.2018,EPWA-Białystok (aeroklub),MM
105.,EMB-175,12.10.2018,WAW-POZ,MM
106.,Śmigłowiec W-3,12.10.2018,EPPO-EPRU,MM
107.,EMB-175,14.10.2018,WAW-KTW-KRK-WAW,MM
108.,EMB-175,17-19.10.2018,WAW-BRU-WMI,MM
109.,Gulfstream G-550,20.10.2018,EPWA-EPWR-EPWA,MM
110.,EMB-175,25.10.2018,WAW-KRK-WAW,MM
111.,EMB-175,27.10.2018,WAW-PRG-LUZ-WAW,MM
112.,Gulfstream G-550,29.10.2018,EPWA-EPKK-EPWA,MM
113.,EMB-175,30.10.2018,WAW-BZG,MM
114.,Gulfstream G-550,31.10.2018,EPWA-EPKK-EPKT-EPWA,MM
115.,EMB-175,12.11.2018,KTW-WAW,MM
116.,CASA,13.11.2018,EPKK-EPCE-EPWA,MM
117.,EMB-175,13.11.2018,WAW-KTW,MM
118.,EMB-175,14.11.2018,WAW-GDN-WAW,MM
119.,EMB-175,15.11.2018,WAW-PRG-WAW,MM
120.,EMB-175,16.11.2018,WAW-RZE-WAW,MM
121.,EMB-175,17.11.2018,WAW-HAM-WAW,MM
122.,Gulfstream G-550,18.11.2018,EPWA-EPKK-EPWA,MM
123.,EMB-175,25.11.2018,WRO-BRU-WAW,MM
124.,EMB-175,29.11.2018,WAW-BTS-WAW,MM
125.,Śmigłowiec W-3,30.11.2018,EPWA-EPKT-EPWA,MM
126.,EMB-175,03-04.12.2018,WAW-KTW-WAW,MM
127.,EMB-175,13-14.12.2018,WAW-BRU-WAW,MM
128.,EMB-175,16.12.2018,WAW-KTW-WAW,MM
129.,CASA,17.12.2018,EPWA-EPCE,MM
130.,EMB-175,17-18.12.2018,GDN-VIE-KRK-WAW,MM
131.,Gulfstream G-550,18.12.2018,EPKK-EPWA,MM
132.,Gulfstream G-550,20.12.2018,EPWA-EGSS-EPWA,MM
133.,Gulfstream G-550,21.12.2018,EPWA-EPWR-EPWA,MM
134.,EMB-175,21.12.2018,WAW-KTW-WAW,MM
135.,Gulfstream G-550,27.12.2018,EPWA-EPPO-EPWA,MM
136.,EMB-175,18.01.2019,WAW-WRO-KRK-WAW,MM
137. Gulfstream G-550,137. Gulfstream G-550,19.01.2019,EPWA-EPGD-EPWA,MM
138.,EMB-175,20.01.2019,WAW-KRK-WAW,MM
139.,EMB-175,23-24.01.2019,WAW-ZRH-WAW,MM
140.,EMB-175,25.01.2019,WAW-RZE-WAW,MM
141.,EMB-175,27.01.2019,WAW-KRK-WAW,MM
142.,EMB-175,30-31.01.2019,WAW-WRO-WAW,MM
143.,EMB-175,07.02.2019,WAW-BTS-WAW,MM
144.,CASA,09.02.2019,EPWA-EPRZ-EPWA,MM
145.,Śmigłowiec W-3,09.02.2019,EPRZ-Huwniki-EPRZ,MM
146.,Gulfstream G-550,18.02.2019,EPKK-EPWA,MM
147.,Gulfstream G-550,24.02.2019,EPWA-HESH-EPWA,MM
148.,Śmigłowiec W-3,28.02.2019,EPWA-Gołdap-EPSY-EPWA,MM
149.,EMB-175,02.03.2019,WAW-RZE-WAW,MM
150.,EMB-175,03.03.2019,WAW-KTW-WAW,MM
151.,G-550,09.03.2019,EPWA-EPRZ-EPWA,MM
152.,EMB-175,15.03.2019,WAW-BUD-WAW,MM
153.,EMB-175,16.03.2019,WAW-KTW-WAW,MM
154.,EMB-175,18.03.2019,WAW-KRK-WAW,MM
155.,EMB-175,21-22.03.2019,WAW-BRU-WRO-WAW,MM
156. Gulfstream G-550,156. Gulfstream G-550,23.03.2019,EPWR-EPWA,MM
157. Gulfstream G-550,157. Gulfstream G-550,30.03.2019,EPWA-EPGD-EPWA,MM
158.,EMB-175,05.04.2019,WAW-SQQ-PLQ-WAW,MM
159.,EMB-175,10-11.04.2019,WAW-BRU-WAW,MM
160.,EMB-175,12.04.2019,WAW-DBV-WAW,MM
161.,EMB-175,14-15.04.2019,WAW-BRU-WAW,MM
162. Gulfstream G-550,162. Gulfstream G-550,16-18.04.2019,EPWA-KMDW-KTEB-EPKK,MM
163.,CASA,18.04.2019,EPKK-EPWA,MM
164.,EMB-175,24-25.04.2019,WAW-BTS-WAW,MM
165.,EMB-175,24.04.2019,WAW-SZZ-WAW,MM
166. Gulfstream G-550,166. Gulfstream G-550,26.04.2019,EPWA-EPLB-EPWA,MM
167.,EMB-175,27.04.2019,WAW-POZ-WAW,MM
168. Gulfstream G-550,168. Gulfstream G-550,02.05.2019,EPWA-EPSC-EPWA,MM
169.,W3,05.05.2019,EPWA-Nadroże-EPWA,MM
170.,EMB-175,09.05.2019,WAW-SBZ-WAW,MM
171.,EMB-175,11-12.05.2019,WAW-BZG- WAW-SZZ-LCJ,MM
172.,EMB-175,16.05.2019,WAW-BRU-WAW,MM
173.,EMB-175,18.05.2019,WAW-KTW,MM
174. Gulfstream G-550,174. Gulfstream G-550,20.05.2019,EPWA-EPZG-EPWA,MM
175.,CASA,24.05.2019,EPRZ-EPWA,MM
176.,EMB-175,28-29.05.2019,WAW-BRU-WAW,MM
177.,EMB-175,31.05.2019,WAW-KRK-WAW,MM
178.,EMB-175,05.06.2019,WAW-SOU-WAW,MM
179.,EMB-175,12.06.2019,WAW-WRO-WAW,MM
180.,EMB-175,13.06.2019,WAW-BUD-WAW,MM
181.,CASA,18.06.2019,EPKK-EPWA,MM
182.,EMB-175,18.06.2019,WAW-KRK,MM
183.,EMB-175,19.06.2019,WAW-LUZ-WAW,MM
184.,EMB-175,20-21.06.2019,WAW-BRU-WAW,MM
185.,EMB-175,24.06.2019,GDN-DRS-WAW,MM
186. Gulfstream G-550,186. Gulfstream G-550,24.06.2019,EPWA-EPOK,MM
187.,EMB-175,27.06.2019,WAW-SZZ-WAW,MM
188.,EMB-175,28.06.2019,WAW-WRO,MM
189.,EMB-175,28.06.2019,WRO-PRG-WAW,MM
190.,EMB-175,29.06.2019,WAW-BZG-WAW,MM
191.,CASA,30.06.2019,EPWA-EPLB-EPWA,MM
192.,EMB-175,30.06-02.07.2019,WAW-BRU-WAW,MM
193.,EMB-175,05.07.2019,WAW-POZ-KTW-WAW,MM
194.,EMB-175,07.07.2019,KTW-GDN,MM
195.,EMB-175,08.07.2019,WAW-KRK-WAW,MM
196.,CASA,08.07.2019,EPGD-EPWA,MM
197.,CASA,12.07.2019,EPWA-EPOK,MM
198.,CASA,14-15.07.2019,EPOK-EPKT-EPOK-EPWA,MM
199.,EMB-175,18.07.2019,WAW-KRK-WAW,MM
200.,CASA,19.07.2019,EPWA-EPOK,MM
201.,CASA,21.07.2019,EPOK-EPKT,MM
202.,W-3 Sokół,26.07.2019,EPWR-EPWC-EPWR,MM
203.,CASA,26.07.2019,EPWA-EPOK,MM
204.,EMB-175,26.07.2019,WAW-WRO-WAW,MM
205.,CASA,29.07.2019,EPOK-EPWA,MM
206. Gulfstream G-550,206. Gulfstream G-550,02.08.2019,EPWA-EPKT,MM
207.,EMB-175,04-05.08.2019,WAW-KTW-WAW,MM
